id,name,email
1A2b3C4d5E6f,John Doe,john@example.com
7G8h9I0j1K2l,Jane Smith,jane@example.com
MnOpQrStUvWx,Alice Johnson,alice@example.com
YzAbCdEfGhIj,Bob Brown,bob@example.com
KlMnOpQrStUv,Eve Williams,eve@example.com
WxYzAbCdEfGh,Michael Johnson,michael@example.com
IjKlMnOpQrSt,Susan Lee,susan@example.com
UvWxYzAbCdEf,David Clark,david@example.com
GhIjKlMnOpQr,Sarah Miller,sarah@example.com
StUvWxYzAbCd,Chris Davis,chris@example.com
EfGhIjKlMnOp,Emily White,emily@example.com
QrStUvWxYzAb,Matthew Taylor,matthew@example.com
CdEfGhIjKlMn,Olivia Anderson,olivia@example.com
OpQrStUvWxYz,Nathan Moore,nathan@example.com
AbCdEfGhIjKl,Elizabeth Wilson,elizabeth@example.com
1A2b3C4d5E6f,James Brown,james@example.com
7G8h9I0j1K2l,Laura Garcia,laura@example.com
MnOpQrStUvWx,Brandon Martinez,brandon@example.com
YzAbCdEfGhIj,Sophia Thompson,sophia@example.com
KlMnOpQrStUv,Megan Hernandez,megan@example.com